"id","name"
"c5f3f93c-bf33-402e-a9f1-c15c148d451b","Anonymous"
"4d4e9f76-7d97-42a8-b1ec-360a127acb27","Checking Account (EUR)"
"3f2e59a4-8620-4a8a-8ffc-c3092c907cb0","Checking Account (GBP)"
"313ac86b-337c-484f-9a81-0e1c207699aa","Mr. Kevin (Bills)"
"a3bbb581-7e91-488e-a416-8ac8f5f6f5be","Mr. Kevin (Household)"
"c6c356b7-be49-4038-b19b-f29ff951122d","Mr. Keysha Kayner"
"ea78ff5d-7637-4f34-8ad9-a4ee767ef8d6","Mr. Keysha Kayner"
"387787f6-4ecd-4e36-b4ea-3a4ddee76465","Mr. Keysha Kayner"
"8ad7c58e-ce53-450b-90c8-6faf539c5f16","Mr. Keysha Kayner"
"03eedf59-b87d-40b0-abef-4ef265545808","Mr. Navjot Higday"
"63c66f69-97d0-40ca-862e-eba7b79d2d35","Mr. Navjot Higday"
"a45df2f6-4a32-42f2-946b-e6def523db41","Mr. Navjot Higday"
"0ebf6960-e67b-4a7e-b384-c64f62a17c55","Mr. Navjot Higday"
"9ec5832f-9f3e-4c65-b8f8-53fda6bdfc17","Mr. Tahir Hagee"
"9dd54f3f-a96f-4ab2-8fda-84e6ac83f38e","Mr. Tahir Hagee"
"343db37d-804e-4892-bf7d-bc36f601706a","Nombre Apellido"
"a3ebeb0e-d191-41d1-a271-ab147ff32e7c","Sydney Beard"
"1bb1aa71-bd04-42a1-a0b6-d9b875d67694","Sydney Beard"
"02b2a5a5-bfd3-40a3-bb20-30c497af1a5d","Sydney Beard"
"bb3e0261-bdde-49c1-9752-5ea55a61ca33","Sydney Beard"
